Domain,Category,Attribute,Description
Profile,Demographics,PRFL_DEMOGR_COUNTRY_CD,Captures the home country code for members and non-members
Profile,Demographics,PRFL_DEMOGR_COUNTRY_NM,The home country name associated with the member or non-member
Loyalty,Enrollment,PRFL_ENROLL_SRC_CATEGORY_DESC_TXT,Captures the Enrollment Source category description of the customer
Loyalty,Enrollment,PRFL_ENROLL_SRC_SUBCATEGORY_DESC_TXT,Captures the Enrollment Source sub category description of the customer
Loyalty,Enrollment,PRFL_ENROLLMENT_SOURCE_CD,Captures the Enrollment Source code of the customer
Loyalty,Enrollment,PRFL_ENROLL_SRC_PROP_BRND_TIER,Captures the Brand Tier of the property where the customer has enrolled
Loyalty,Enrollment,PRFL_ENROLL_SRC_PROPERTY_CD,Captures the Property code where the customer has enrolled
Profile,Identifier,ALT_CUST_ID,"Customer-level ID primarily used for marketing. Assigned to members and non-members. Join to PFL.PROXY.PFL_DIM_PROFILE (or PFL.PROXY.PFL_LNK_PROFILE_PERSON) to connect to data sets that use CUSTOMER_KEY, MRW_CUSTOMER_KEY OR PROFILE_KEY."
Profile,CLTV,PRFL_LOYALTY_LIFECYCLE_ENROLLMENT_SEGMENT,Captures the Bonvoy Member lifecycle segment based on the time period since enrolled
Profile,Demographics,PRFL_COMM_VALID_EMAIL_IND,Captures the customer’s valid email indicator
Profile,Identifier,PRFL_ACTIVE_ACCOUNT_IND,Captures the customer's active account indicator
Profile,Identifier,PRFL_MEMBER_IND,Captures if the customer is a Marriott Bonvoy member
Profile,Identifier,PRFL_2_YEAR_ACTIVE_IND,Captures if the customer has any activity in the last 2 years
Profile,Preference,PRFL_PREFERENCE_PASSIONS_BEACH_AND_WATER_ACTIVITIES_IND,Captures the customer who has activity belonging to Beach & Water Activities
Profile,Preference,PRFL_PREFERENCE_PASSIONS_COOKING_AND_BAKING_IND,Indicates whether a customer has an interest in cooking and baking.
Profile,Preference,PRFL_PREFERENCE_PASSIONS_KIDS_ACTIVITIES_IND,Indicates whether a customer has shown interest in activities and hobbies with kids.
Profile,Preference,PRFL_PREFERENCE_PASSIONS_LIVE_MUSIC_AND_CONCERTS_IND,Indicates whether a customer has an interest in live music and concerts.
Profile,Preference,PRFL_PREFERENCE_PASSIONS_LIVE_SPORTS_IND,Indicates whether a customer has an preference for live sports based on their interests and hobbies.
Profile,Preference,PRFL_PREFERENCE_PASSIONS_SHOPPING_IND,Captures customers with a preference for activities related to Shopping
Profile,Preference,PRFL_PREFERENCE_PASSIONS_LOCAL_CULTURE_EXCURSIONS_IND,Captures customers with a preference for activities related to local cultural excursions
Profile,Preference,PRFL_PREFERENCE_PASSIONS_MOUNTAIN_AND_WINTER_SPORTS_IND,Indicates whether a customer has an interest or passion for mountain and winter sports.
Profile,Preference,PRFL_PREFERENCE_PASSIONS_NATURE_AND_WILDLIFE_IND,Captures customers with a preference for activities related to Nature & Wildlife
Profile,Preference,PRFL_PREFERENCE_PASSIONS_THEATRE_AND_FINE_ARTS_IND,Indicates whether a customer has a passion preference for theatre and fine arts activities.
Profile,Preference,PRFL_PREFERENCE_PASSIONS_WINE_BEER_ENTHU_IND,Indicates whether a customer has a specific interest or enthusiasm for wine and beer.
Profile,Preference,PRFL_PREFERENCE_PASSIONS_SWIMMING_IND,Indicates if a customer has a preference for swimming as a fitness activity.
Profile,Preference,PRFL_PREFERENCE_PASSIONS_CARDIO_IND,Indicates whether a customer has a preference for cardio as a fitness activity.
Profile,Preference,PRFL_PREFERENCE_PASSIONS_CYCLING_IND,Indicates whether a customer has a preference for cycling as a fitness activity.
Profile,Preference,PRFL_PREFERENCE_PASSIONS_HIKING_AND_WALKING_IND,Indicates if a customer has a preference for hiking and walking activities based on their fitness interests.
Profile,Preference,PRFL_PREFERENCE_PASSIONS_RUNNING_IND,Indicates whether a customer has a passion preference for running.
Profile,Preference,PRFL_PREFERENCE_PASSIONS_STRENGTH_TRAINING_IND,Indicates whether the customer has a FITNESS preference for strength training.
Profile,Preference,PRFL_PREFERENCE_PASSIONS_TENNIS_IND,Indicates whether a customer has a passion preference for tennis.
Profile,Preference,PRFL_PREFERENCE_PASSIONS_YOGA_PILATES_IND,Indicates if customer has an passion preference for yoga and pilates activities.
Profile,Preference,PRFL_PREFERENCE_PASSIONS_SPA,Captures the customer who has a preference belonging to Spa
Profile,Preference,PRFL_PREFERENCE_PASSIONS_GOLF,Captures the customer who has a passion preference belonging to Golf
Profile,Identifier,PRFL_EMPLOYEE_ACCOUNT_FLG,Captures if the customer's Marriott Bonvoy account and employee account are currently linked
Profile,Identifier,PRFL_WECHAT_RELATIONSHIP_FLG,Captures if the customer's Marriott Bonvoy account and WeChat account are currently linked
Profile,Demographics,PRFL_3P_HOUSEHOLD_WEALTH_CD,Captures the customer's household wealth
Profile,Demographics,PRFL_3P_HOUSEHOLD_NET_WORTH_CD,Captures the customer's net worth
Profile,Demographics,PRFL_3P_HOUSEHOLD_INCOME_CD,Captures the customer's household income
Profile,Identifier,PRFL_MARRIOTT_RESIDENCE_OWNER_FLG,Captures if the customer is a Marriott residence owner
Profile,Demographics,PRFL_3P_PRESENCE_OF_CHILDREN_AGE_00_02_FLG,Captures the customer's number of children aged between 0 and 2
Profile,Demographics,PRFL_3P_PRESENCE_OF_CHILDREN_AGE_03_05_FLG,Captures the customer's number of children aged between 3 and 5
Profile,Demographics,PRFL_3P_PRESENCE_OF_CHILDREN_AGE_06_10_FLG,Captures the customer's number of children aged between 6 and 10
Profile,Demographics,PRFL_3P_PRESENCE_OF_CHILDREN_AGE_11_15_FLG,Captures the customer's number of children aged between 11 and 15
Profile,Demographics,PRFL_3P_PRESENCE_OF_CHILDREN_AGE_16_17_FLG,Captures the customer's number of children aged between 16 and 17
Profile,Preference,PRFL_PREFERRED_EMAIL_LANG_CD,Captures the customer's preferred email communication language code
Profile,Identifier,PRFL_BONVOY_MBR_PROFILE_COMPLETION_FLG,the customer is a Marriott Bonvoy member and having transaction Profiler Flag in existing Profile MRW table
Profile,Demographics,PRFL_CUSTOMER_CONTINENT_NM,The Continent name associated with the member or non-member
Profile,Demographics,PRFL_CUSTOMER_REGION_NM,The Region name associated with the member or non-member
Profile,Identifier,PRFL_BUSINESS_ACCESS_ACCOUNT_LINK_FLG,Captures if the customer's Marriott Bonvoy account and Business Access by Marriott Bonvoy account (through Spotnana) are currently linked
Profile,Demographics,PRFL_3P_WINDFALL_INVESTABLE_ASSETS_RANGE_TXT,Captures the customer's investable assets range
Profile,Demographics,PRFL_3P_WINDFALL_HOUSEHOLD_NET_WORTH_AMT,Captures the customer's household net worth amount
Profile,Identifier,PRFL_VACATION_CLUB_OWNER_FLG,Captures if the customer's Marriott Bonvoy account and vacation club owner account are currently linked
Profile,Demographics,PRFL_CUSTOMER_BIRTH_MONTH_AND_DT,Captures the customer's birth month and date
Profile,Preference,PRFL_BOUTIQUE_BRAND_SUBSCRIPTION_LIST_CD,Captures the customer's boutique brand subscription list
Profile,Preference,PRFL_GROUP_SPORTS_STAY_FLG_2YR,Capture if the customer has had at least one stay in the last 2 years associated with any group sports
Profile,Preference,PRFL_YOUTH_SPORTS_STAY_FLG_2YR,Capture if the customer has had at least one stay in the last 2 years associated with any youth sports
Profile,Demographics,PRFL_COMM_MOBILE_PHONE_USER_VERIFIED_FLG,"Captures ""y"" value expected on profiles where the ""mobile telephone"" / ""MT"" phone number on the UGI profile has been verified by the customer, either via a one-time process such as OTP or MFA or via ongoing login credential"
Profile,Segmentation,ANLY_LUXURY_SEGMENT_NM,"Serves as a classification identifier for various luxury segments, for active members and non-members based on their luxury preferences."
Profile,Segmentation,ANLY_RES_BRAND_CATEGORY_MOST_STAYS_2YR,Capture the customer's most stayed brand in last 2 years
Profile,Segmentation,ANLY_RES_BRAND_CATEGORY_MOST_STAYS_5YR,Capture the customer's most stayed brand tier in last 5 years
Profile,Segmentation,ANLY_RES_BRAND_MOST_STAYS_2YR,capture the customer's most stayed brand in last 2 years
Profile,Segmentation,ANLY_RES_BRAND_MOST_STAYS_5YR,Captures the customer's most stayed brand in last 5 years
Profile,Segmentation,ANLY_RES_MOST_RECENT_BRAND_STAY_2YR,Captures the customer's most recently stayed brand in last 2 years
Profile,Segmentation,ANLY_RES_MOST_RECENT_STAY_DT_2YR,Captures the customer's most recently stayed date in last 2 years
Profile,CLTV,ANLY_CLTV_PREDICTED_COBRAND_REVENUE_AMT_3YR,Captures the total predicted Cobrand Revenue in the next 36 months
Profile,CLTV,ANLY_CLTV_PREDICTED_COBRAND_MI_FEE_AMT_3YR,Captures the total predicted MI fees from Cobrand in the next 36 months
Profile,CLTV,ANLY_CLTV_PREDICTED_FOLIO_REVENUE_AMT_3YR,Captures the total predicted revenue for Folio in the next 36 months
Profile,CLTV,ANLY_CLTV_PREDICTED_FOLIO_MI_FEE_AMT_3YR,Captures the total predicted MI Fees for Folio in the next 36 months
Profile,CLTV,ANLY_CLTV_PREDICTED_COMPLIMENTARY_REVENUE_AMT_3YR,Captures the total predicted revenue for Complimentary Products in the next 36 months
Profile,CLTV,ANLY_CLTV_PREDICTED_COMPLIMENTARY_MI_FEE_AMT_3YR,Captures the total predicted MI Fees for Complimentary Products in the next 36 months
Profile,CLTV,ANLY_CLTV_PREDICTED_STAYS_REVENUE_AMT_3YR,Captures the total predicted Revenue from Stays in the next 36 months
Profile,CLTV,ANLY_CLTV_PREDICTED_STAYS_MI_FEE_AMT_3YR,Captures the total predicted MI Fees from Stays in the next 36 months
Profile,CLTV,ANLY_CLTV_PREDICTED_OVERALL_REVENUE_AMT_3YR,Captures the total predicted overall Revenue in the next 36 months
Profile,CLTV,ANLY_CLTV_PREDICTED_OVERALL_MI_FEE_AMT_3YR,Captures the total predicted overall MI Fees in the next 36 months
Profile,CLTV,ANLY_CLTV_LIFETIME_HIST_TRNS_CNT,Captures the total lifetime transactions of a customer
Profile,CLTV,ANLY_CLTV_LIFETIME_HIST_REVENUE_AMT,"Captures the lifetime historical sum of spend for a customer across Stays, Folio, Cobrand, and Complimentary Products"
Profile,CLTV,ANLY_CLTV_LIFETIME_HIST_MI_FEE_AMT,"Captures the total amount of spend a customer has incurred over their lifetime across Stays, Folio, Cobrand, and Complimentary Products"
Profile,Propensity,ANLY_WKND_LEISURE_STAY_BOOKING_PROPENSITY_CD_NEXT_7DY,Captures Relative likelihood the customer will book any hotel stay for weekend leisure in the next 7 days
Profile,Propensity,ANLY_LEISURE_STAY_BOOKING_PROPENSITY_CD_NEXT_7DY,Captures relative likelihood the customer will book any hotel stay for leisure in the next 7 days
Profile,Propensity,ANLY_BUSINESS_STAY_BOOKING_PROPENSITY_CD_NEXT_7DY,Captures relative likelihood the customer will book any hotel stay for business in the next 7 days
Profile,Propensity,ANLY_TOP_BUSINESS_BRAND_CD_PROPENSITY_NEXT_7DY,"Capture concatenated pipe-delimited string of brand codes where the customer is in the top 10% of Marriott customers likely to book the brand, based on a booking propensity data science model. Brand codes are ordered by that customer's propensity score (highest to lowest) with a limit of 5 brands per customer."
Profile,Propensity,ANLY_TOP_BUSINESS_REPEAT_PROP_CD_PROPENSITY_NEXT_7DY,"Captures Concatenated pipe-delimited string of property codes where the customer is in the top 25% of Marriott customers likely to book the property, based on a booking propensity data science model. Property codes are ordered by that customer's propensity score (highest to lowest) with a limit of 10 properties per customer. Includes repeat to property only (no new to property)."
Profile,Propensity,ANLY_TOP_BUSINESS_MARKET_CD_PROPENSITY_NEXT_7DY,"Captures Concatenated pipe-delimited string of markets where the customer is in the top 10% of Marriott customers likely to book the market, based on a booking propensity data science model. Markets are ordered by that customer's propensity score (highest to lowest) with a limit of 10 markets per customer."
Profile,Propensity,ANLY_TOP_LEISURE_REPEAT_PROP_CD_PROPENSITY_NEXT_7DY,"Captures Concatenated pipe-delimited string of property codes where the customer is in the top 25% of Marriott customers likely to book the property, based on a booking propensity data science model. Property codes are ordered by that customer's propensity score (highest to lowest) with a limit of 10 properties per customer. Includes repeat to property only (no new to property)"
Profile,Propensity,ANLY_TOP_LEISURE_BRAND_CD_PROPENSITY_NEXT_7DY,"Captures Concatenated pipe-delimited string of brand codes where the customer is in the top 10% of Marriott customers likely to book the brand, based on a booking propensity data science model. Brand codes are ordered by that customer's propensity score (highest to lowest) with a limit of 5 brands per customer."
Profile,Propensity,ANLY_TOP_LEISURE_MARKET_CD_PROPENSITY_NEXT_7DY,"Captures concatenated pipe-delimited string of markets where the customer is in the top 10% of Marriott customers likely to book the market for leisure, based on a booking propensity data science model. Markets are ordered by that customer's propensity score (highest to lowest) with a limit of 10 markets per customer"
Privacy,,PRFL_COMM_EMAIL_CONSENT_IND,Indicates whether an individual has given consent to receive communications via email.
Privacy,,PRFL_COMM_MOB_PUSH_MKTG_CONSENT_PC_FLG,Captures customer's consent status regarding mobile push marketing communications
Privacy,,PRFL_COMM_MOB_PUSH_TRAN_CONSENT_PC_FLG,Captures the customer's consent status regarding mobile push communications related to transactions
Privacy,,PRFL_ENTERPRISE_MARKETING_EXCLUSION_CD,"Captures the concatenated, comma-separated string of marketing campaign exclusion codes that currently apply to the customer. Each exclusion code represents a possible scenario where we might want to suppress marketing"
Loyalty,Enrollment,PRFL_LOYALTY_ENROLL_DT,Captures the members enrollment date in the loyalty program
Loyalty,Tier,PRFL_ACCOUNT_LEVEL_DESC_TXT,Captures Bonvoy Member enrollment status level
Loyalty,PAM,PRFL_LOYALTY_L12_POINT_ACTIVE_MEMBER_IND,Captures the last 12 months ACTIVE_MEMBER_IND where either customer has ACTIVE_MEMBER_IND
Loyalty,PAM,PRFL_LOYALTY_L24_POINT_ACTIVE_MEMBER_IND,Captures the last 24 months ACTIVE_MEMBER_IND where either customer has ACTIVE_MEMBER_IND
Loyalty,Point,PRFL_LAST_REDEEMED_POINTABLE_ACTIVITY_DT,Captures the customer who has REDEEMED POINTABLE ACTIVITY DT
Loyalty,Point,PRFL_LAST_REDEEMED_POINTABLE_ACTIVITY_TYPE,Captures the customer who has REDEEMED POINTABLE ACTIVITY TYPE
Loyalty,Point,PRFL_LAST_EARNED_POINTABLE_ACTIVITY_TYPE,Captures the customers who have EARNED POINTABLE ACTIVITY
Loyalty,Point,PRFL_LAST_EARNED_POINTABLE_ACTIVITY_DT,Captures the customers who has EARNED POINTABLE ACTIVITY DT
Loyalty,Point,PRFL_CURRENT_POINT_BLNC_CNT,Captures the reward point balance for customers
Loyalty,Tier,PRFL_YTD_ELITE_NIGHT_CREDITS_CNT,Captures the number of qualifying elite night credits (ENCs) the member has achieved in the current earning year period
Loyalty,Tier,PRFL_YTD_ELITE_QUALIFYING_SPEND_AMT,Captures the customer's total USD spent on qualifying charges toward earning Ambassador Elite status in the current earning year period
Loyalty,Benefit,PRFL_PRIOR_YR_TITANIUM_ACB_STATUS_TXT,Indicator of member's eligibility and selection status for their 75 night Annual Choice Benefit for the prior loyalty year.
Loyalty,Benefit,PRFL_PRIOR_YR_PLATINUM_ACB_STATUS_TXT,Indicator of member's eligibility and selection status for their 50-night Annual Choice Benefit for the prior loyalty year.
Loyalty,Benefit,PRFL_CURRENT_YR_TITANIUM_ACB_STATUS_TXT,Indicator of member's eligibility and selection status for their 75-night Annual Choice Benefit for the current loyalty year.
Loyalty,Benefit,PRFL_CURRENT_YR_PLATINUM_ACB_STATUS_TXT,Indicator of member's eligibility and selection status for their 50-night Annual Choice Benefit for the current loyalty year.
Loyalty,Point,PRFL_RCYC_POINTS_TRANSACTION_FLG_5YR,"Captures ""Y"" for customers who have earned or redeemed RCYC transactions in last 5 years"
Loyalty,Point,PRFL_BONVOY_POINTS_EXPIRATION_DT,Captures the date of members points balance expires due to inactivity
Loyalty,Point,PRFL_POINT_EARNING_TRNS_CNT_2YR,"Captures the Integer 0-9999 for all members,0 value represents member who has had 0 point-earning transactions in the last 2 years and null value for non-members"
Loyalty,Tier,PRFL_ACHIEVE_LEVEL_REASON_CD,"Captures how the member's current level (e.g., Gold) was achieved, such as through elite night credit earnings, cobrand credit card, partnership status match, etc., provides summary of code value to descriptive Name text so that we can determine which expected values make sense to store"
Loyalty,Tier,PRFL_CURRENT_YR_AMBASSADOR_PLUS_ONE_ACB_STATUS_TXT,"Captures Indicator of member's eligibility and selection status for their AmbassadorPlusOne benefit for the current loyalty year. 
Expected values: 
""INELIGIBLE"" - members who are not (yet) eligible for the PlusOne benefit, 
""ELIGIBLE"" - members who are eligible for the PlusOne benefit but have not yet selected, 
""SELECTED"" - members who are eligible and who have selected their 
""PlusOne Null"" - non-members"
Loyalty,Tier,PRFL_PRIOR_YR_AMBASSADOR_PLUS_ONE_ACB_STATUS_TXT,"Captures Indicator of member's eligibility and selection status for their AmbassadorPlusOne benefit for the current loyalty year. 
Expected values: 
""INELIGIBLE"" - members who are not (yet) eligible for the PlusOne benefit, 
""ELIGIBLE"" - members who are eligible for the PlusOne benefit but have not yet selected, 
""SELECTED"" - members who are eligible and who have selected their 
""PlusOne Null"" - non-members"
Loyalty,PAM,PRFL_PAM_LAST_EARNED_TRANS_POINTS_AMT_24M,Captures the Transaction Points for the customers who has EARNED POINTABLE ACTIVITY
Loyalty,PAM,PRFL_PAM_LAST_EARNED_TRANS_TYPECAT_TXT_24M,Captures the Category of the Last point-earning transaction
Loyalty,PAM,PRFL_PAM_LAST_REDEEMED_TRANS_POINTS_AMT_24M,Captures the Transaction Points for the customers who has REDEMPTION POINTABLE ACTIVITY
Loyalty,PAM,PRFL_PAM_LAST_REDEEMED_TRANS_TYPECAT_TXT_24M,Captures the Category of the Last point-redemption transaction
Loyalty,Moments,PRFL_MOMENTS_ARTS_AND_LIFESTYLE_BID_CNT_24M,Captures Integer value 0-9999 counting the number of distinct times the customer has a momentsbid for Arts and Lifestyle Category and BID_TYPE is in AUCTION in the last 2 years
Loyalty,Moments,PRFL_MOMENTS_CULINARY_BID_CNT_24M,Captures Integer value 0-9999 counting the number of distinct times the customer has a moments bid for Culinary Category and BID_TYPE is in AUCTION in the last 2 years
Loyalty,Moments,PRFL_MOMENTS_ENTERTAINMENT_BID_CNT_24M,Captures Integer value 0-9999 counting the number of distinct times the customer has a moments bid for Entertainment Category and BID_TYPE is in AUCTION in the last 2 years
Loyalty,Moments,PRFL_MOMENTS_SPORTS_BID_CNT_24M,Captures Integer value 0-9999 counting the number of distinct times the customer has a moments bid for Sports Category and BID_TYPE is in AUCTION in the last 2 years
Loyalty,Moments,PRFL_MOMENTS_REDEMPTION_CNT_24M,Captures Integer value 0-9999 counting the number of distinct times the customer has a moments Redemption in the last 2 years
Cobrand,Cobrand,PRFL_CC_PROD_RPC_CD,Captures the Credit Card RPC_CD for customers
Cobrand,Cobrand,PRFL_CC_IND,Captures if the customer is a cardholder
Partnerships,Partnerships,PRFL_HERTZ_TRAN_CNT,Captures the total transaction count for the Partner Hertz of the customer
Partnerships,Partnerships,PRFL_MARRIOTT_EAT_TRAN_CNT,Captures the customer's total dining transactions linked to the partner Eat Around Town
Partnerships,Partnerships,PRFL_UA_BINDING_FLG,Captures the customers who has a strategic account binding with partner United Airlines
Partnerships,Partnerships,PRFL_UBER_TRAN_CNT,Captures the customers total transaction counts with partner Uber
Partnerships,Partnerships,PRFL_UBER_BINDING_FLG,Captures the customers who has an account binding with partner Uber
Partnerships,Partnerships,PRFL_STARBUCKS_BINDING_FLG,Captures the customers who has an account binding with partner Starbucks
Partnerships,Partnerships,PRFL_CATHAY_STRATEGIC_BINDING_FLG,Captures if the customer is linked to “STRATEGIC PARTNERSHIP” for CATHAY AIRWAYS
Partnerships,Partnerships,PRFL_EMIRATES_STRATEGIC_BINDING_FLG,Captures if the customer is linked to “STRATEGIC PARTNERSHIP” for EMIRATES AIRWAYS
Partnerships,Partnerships,PRFL_SINGAPOREAIR_STRATEGIC_BINDING_FLG,Captures the Counts of STRATEGIC partnerships for a customer of SINGAPORE airline
Partnerships,Partnerships,PRFL_EMIRATES_MILESEARNER_FLG,Captures if the customer is linked to “MILES EARNER” partnership for EMIRATES airline
Partnerships,Partnerships,PRFL_CATHAY_MILESEARNER_FLG,"Captures if the customer is linked to “MILES EARNER” partnership for CATHAY airline,"
Partnerships,Partnerships,PRFL_AVIANCA_MILESEARNER_FLG,Captures if the customer is linked to “MILES EARNER” partnership for AVIANCA airline
Partnerships,Partnerships,PRFL_AEROMEXICO_MILESEARNER_FLG,Captures if the customer is linked to “MILES EARNER” partnership for AEROMEXICO airline
Partnerships,Partnerships,PRFL_COPA_MILESEARNER_FLG,Captures if the customer is linked to “MILES EARNER” partnership for COPA AIRLINES
Partnerships,Partnerships,PRFL_SINGAPOREAIR_MILESEARNER_FLG,Captures if the customer is linked to “MILES EARNER” partnership for Singapore Airlines
Partnerships,Partnerships,PRFL_LATAM_MILESEARNER_FLG,Captures if  the customer is linked to “MILES EARNER” partnership for LATAM airline
Partnerships,Partnerships,PRFL_UNITED_MILESEARNER_FLG,Captures if  the customer is linked to “MILES EARNER” partnership for UNITED airline
Partnerships,Partnerships,PRFL_AEROMEXICO_NONSTRATEGIC_TRNS_CNT,Captures the Counts of NONSTRATEGIC partnerships for a customer of AEROMEXICO airline
Partnerships,Partnerships,PRFL_AVIANCA_NONSTRATEGIC_TRNS_CNT,Captures the counts of NONSTRATEGIC partnerships for a customer of AVIANCA airline in the past 2 years
Partnerships,Partnerships,PRFL_CATHAY_NONSTRATEGIC_TRNS_CNT,Captures the counts of NONSTRATEGIC partnerships for a customer of CATHAY AIRWAYS airline in the past 2 years
Partnerships,Partnerships,PRFL_COPA_NONSTRATEGIC_TRNS_CNT,Captures the counts of NONSTRATEGIC partnerships for a customer of Copa airline in the past 2 years
Partnerships,Partnerships,PRFL_UNITED_NONSTRATEGIC_TRNS_CNT,Captures the counts of NONSTRATEGIC partnerships for a customer of UNITED airline in the past 2 years
Partnerships,Partnerships,PRFL_SINGAPOREAIR_NONSTRATEGIC_TRNS_CNT,Captures the counts of NONSTRATEGIC partnerships for a customer of SINGAPOREAIR airline in the past 2 years
Partnerships,Partnerships,PRFL_LATAM_NONSTRATEGIC_TRNS_CNT,Capture the counts of NONSTRATEGIC partnerships for a customer of LATAM airline in the past 2 years
Partnerships,Partnerships,PRFL_EMIRATES_NONSTRATEGIC_TRNS_CNT,Captures the counts of NONSTRATEGIC partnerships for a customer of EMIRATES airline
Partnerships,Partnerships,PRFL_RAPPI_BINDING_FLG,Captures the customers who has an account binding with partner Rappi
Partnerships,Partnerships,PRFL_BRITISHAIR_MILESEARNER_FLG,"Captures if the customer is linked to ""MILES EARNER"" partnership for BRITISH AIRWAYS airline"
Partnerships,Partnerships,PRFL_BRITISHAIR_NONSTRATEGIC_TRNS_CNT,Captures the counts of NONSTRATEGIC partnerships for a customer of BRITISH AIRWAYS airline in the past 2 years
Partnerships,Partnerships,PRFL_SIXT_TRNS_CNT,Captures the customers total count of transactions with partner SIXT
Partnerships,Partnerships,PRFL_VIRGIN_AUSTRALIA_MILESEARNER_FLG,"Captures if the customer is linked to ""MILES EARNER"" partnership for Virgin Australia airline"
Partnerships,Partnerships,PRFL_VIRGIN_AUSTRALIA_NONSTRATEGIC_TRNS_CNT,Captures the counts of NONSTRATEGIC partnerships for a customer of VIRGIN AUSTRALIA airline in the past 2 years
Partnerships,Partnerships,PRFL_LUFTHANSA_MILESEARNER_FLG,"Captures if the customer is linked to ""MILES EARNER"" partnership for Lufthansa airline"
Partnerships,Partnerships,PRFL_RAKUTEN_BINDING_FLG,Captures the customers who has an account binding with partner Rakuten
Partnerships,Partnerships,PRFL_AIRLINE_PARTNER_MILE_TO_POINT_TRANSFER_FLG_24M,capture customer has transferred airline miles from any airline partner to Bonvoy points in the last 2 years
Partnerships,Partnerships,PRFL_SSG_DUTY_FREE_STRATEGIC_BINDING_FLG,Captures if the customer has linked their Marriott Bonvoy account along with SSG Duty Free account.
Partnerships,Partnerships,PRFL_SSG_DUTY_FREE_MBV_POINTS_EARNED,Captures the total number of MBV points a customer has earned through SSG Duty free Transactions
Partnerships,Partnerships,PRFL_SSG_DUTY_FREE_ACCOUNT_BINDING_DT,Captures the date when customer has linked their Marriott Bonvoy account along with SSG Duty Free account.
Partnerships,Partnerships,PRFL_FLIPKART_TRNS_CNT_2YR,Captures the total number of transactions a customer made who has an account binding with partner Flipkart
Partnerships,Partnerships,PRFL_FLIPKART_STRATEGIC_BINDING_FLG,Captures if the customer has made account binding with partner Flipkart
Partnerships,Partnerships,PRFL_FLIPKART_ACCOUNT_BINDING_DT,Captures the date when customer has linked their Marriott Bonvoy account along with Flipkart Plus account.
Partnerships,Partnerships,PRFL_NECTAR_ACCOUNT_BINDING_DT,Captures the date when customer has linked their Marriott Bonvoy account along with Nectar account.
Partnerships,Partnerships,PRFL_NECTAR_ACCOUNT_BINDING_FLG,Captures if the customer has made account binding with partner Nectar
Partnerships,Partnerships,PRFL_UBER_ONE_STRATEGIC_BINDING_FLG,Captures the customers who has an account binding with partner UBER ONE
Partnerships,Partnerships,PRFL_TURKISHAIR_NONSTRATEGIC_TRNS_CNT,Capture 0-99999 count of distinct miles-to-points or points-to-miles transactions customer has completed between Marriott Bonvoy and Turkish Airlines in the last 2 years
Partnerships,Partnerships,PRFL_POSTCARD_CABINS_EXT_CUSTOMER_FLG,"Capture ""Y"" flag on customer profiles (members and non-members resolved to an AltCustID) identified as a PostcardCabinscustomer in the last 2 years"
Partnerships,Partnerships,PRFL_MEITUAN_STRATEGIC_BINDING_FLG,Capture if the customer is linked to “'STRATEGIC-PARTNERSHIP-MEITUAN'”
Partnerships,Partnerships,PRFL_MEITUAN_STRATEGIC_BINDING_DT,Capture date if the customer is linked to “'STRATEGIC-PARTNERSHIP-MEITUAN'”
Partnerships,Partnerships,PRFL_DIANPING_STRATEGIC_BINDING_FLG,Capture if the customer is linked to “'STRATEGIC-PARTNERSHIP-DIANPING'”
Partnerships,Partnerships,PRFL_DIANPING_STRATEGIC_BINDING_DT,Capture date if the customer is linked to “'STRATEGIC-PARTNERSHIP-DIANPING'”
Partnerships,Partnerships,PRFL_STARBUCKS_ACCOUNT_BINDING_DT,Captures the date when customer has linked their Marriott Bonvoy account along with Starbucks account.
Partnerships,Partnerships,PRFL_LUFTHANSA_MILES_AND_MORE_ACCOUNT_BINDING_SRC_TXT,"Capture Enumerated string value indicating which relationship type ID corresponds with the customer's current Lufthansa account binding. 
If STRATEGIC-PARTNERSHIP-LUFTHANSA-COBRAND relationship type ID, then expected value ""COBRAND"".
If STRATEGIC-PARTNERSHIP-LUFTHANSA relationship type ID, then expected value ""STANDARD"".
Else null"
Partnerships,Partnerships,PRFL_LUFTHANSA_MILES_AND_MORE_ACCOUNT_BINDING_DT,Capture Date value when the member established a link between their Marriott Bonvoy and Miles & More accounts
Partnerships,Partnerships,PRFL_LUFTHANSA_MILES_AND_MORE_ACCOUNT_BINDING_FLG,"Capture Flag value indicating customer's account binding status with the Lufthansa Miles & More program strategic partnership, through either of the two relationship type IDs: 
STRATEGIC-PARTNERSHIP-LUFTHANSA or STRATEGIC-PARTNERSHIP-LUFTHANSA-COBRAND ""y"" flag for members who have linked their Marriott Bonvoy andMiles & Moreaccounts via the strategic partnership.
Null for all non-members and members who have not linked with Miles & More"
Engagement,Marketing Email Engagement,INTR_MARKETING_EMAIL_CLICK_CNT_24M,Captures the customer’s marketing email click count over the past 24 months.
Engagement,Marketing Email Engagement,INTR_RES_TRANSACTION_EMAIL_CLICK_CNT_24M,Captures the customer’s reservation transaction email click counts for last 24 months
Engagement ,Digital Interaction,INTR_DIGITAL_TOTAL_SITE_VISIT_CNT_24M,Captures the member’s total digital interaction for the last 24 months as total count of website visits
Engagement ,Digital Interaction,INTR_DIGITAL_MOBILE_APP_VISIT_CNT_24M,Captures the member’s interaction with mobile app for the last 24 months
Engagement ,Digital Interaction,INTR_DIGITAL_WEB_VISIT_CNT_24M,Captures the member’s web digital interaction for the last 24 months as count of website visits
Engagement ,Digital Interaction,INTR_DIGITAL_SEARCH_WITH_CHILDREN_CNT_24M,"Capture the home country code for members and non-members, along with their unique customer-level IDs and timestamps for record creation and updates."
Engagement ,Digital Interaction,INTR_DIGITAL_MOST_RECENT_MOBILE_APP_VISIT_DT_24M,mobile digital interaction most recent visit date for the last 24 months
Engagement ,Digital Interaction,INTR_DIGITAL_MOST_RECENT_WEB_VISIT_DT_24M,To capture the member’s web digital interaction most recent visit date for the last 24 months
Engagement ,Digital Interaction,PRFL_BONVOY_APP_ACCESS_IND,Captures if the customer has accessed the Bonvoy app in the last 24 months
Transaction,Reservation,TRAN_RES_TOTAL_STAY_CNT_24M,Capture a customer's total stay counts in the last 2 Years with their unique customer-level IDs and timestamps for record creation and updates.
Transaction,ADR,TRAN_RES_MAX_ADR_ROOM_REV_AMT,Serves as the maximum daily room revenue amount recorded over the past five years.
Transaction,Room Revenue,TRAN_RES_BRAND_TR_LX_ROOM_REV_AMT_24M,Captures the 24 months room revenue amount
Transaction,Reservation,TRAN_RES_TOTAL_BOOKING_CNT_24M,Provides the total number of bookings made by a customer in the past 24 months.
Transaction,Stays,TRAN_LUX_BRAND_MOST_STAY_5YR,Captures the customer's most stayed MI Luxury brand over a 5-year historical period
Transaction,Stays,TRAN_LUX_ROOM_STAY_CNT_5YR,Captures the customer's Luxury stay counts over a 5-year historical period
Transaction,Spend Per Room,TRAN_LUX_SPND_PER_ROOM_MAX_AMT_5YR,Captures the customer's Maximum Spend per Room on Transient (excluding Special Corporate) Stays at MI Luxury properties over a 5-year historical period
Transaction,Room Revenue,TRAN_LUX_TOTAL_ROOM_REV_AMT_5YR,Captures the customer's Total sum of Transient (excluding Special Corporate) Stay room revenue at MI Luxury properties over a 5-year historical period
Transaction,Reservation,TRAN_MEMBER_BOOKING_FLG,Captures if the customer has a booking in a hotel after the Enrollment
Transaction,Reservation,TRAN_MEMBER_LUXURY_BOOKING_FLG,Captures if the customer has a booking in a luxury hotel after the enrollment
Transaction,Reservation,TRAN_POINT_ELIGIBLE_MEMBER_BOOKING_FLG,Captures if the customer has made booking after the Enrollment as a Bonvoy member
Transaction,Reservation,TRAN_RES_NEXT_CHECK_IN_DT,"Serves as the scheduled date for the next check-in related to a transaction, specified in the format YYYY-MM-DD."
Transaction,ADR,TRAN_LUX_ADR_PER_NIGHT_5YR,Captures the customer's Average Spend per Night on Transient (excluding Special Corporate) Stays at MI Luxury properties over a 5-year historical period
Transaction,ADR,TRAN_LUX_ADR_PER_ROOM_5YR,Captures the customer's Average Spend per Room on Transient (excluding Special Corporate) Stays at MI Luxury properties over a 5-year historical period
Transaction,Room Nights,TRAN_RES_BRND_TIER_SELECT_ROOMNIGHTS_PCT_2YR,"Captures a customer's percent of room night counts in the last 2 Years at properties categorized as ""select"""
Transaction,Room Nights,TRAN_RES_BRND_TIER_PREMIUM_ROOMNIGHTS_PCT_2YR,Provides the percentage of room nights booked by customers in premium brand tiers over the last two years.
Transaction,Room Nights,TRAN_RES_BRND_TIER_LUXURY_ROOMNIGHTS_PCT_2YR,"Captures a customer's percent of room night counts in the last 2 Years at properties categorized as ""luxury"""
Transaction,Stays,TRAN_RES_BRND_TIER_SELECT_STAYS_PCT_2YR,Provides the percentage of a customer's stays at select-branded properties over the past two years.
Transaction,Stays,TRAN_RES_BRND_TIER_PREMIUM_STAYS_PCT_2YR,Provides the percentage of a customer's stays at premium-branded properties over the past two years.
Transaction,Stays,TRAN_RES_BRND_TIER_LUXURY_STAYS_PCT_2YR,"Captures a customer's stay counts percent in last 2 years at properties categorized as ""luxury"""
Transaction,Room Nights,TRAN_RES_TOTAL_ROOMNIGHTS_CNT_2YR,Provides the total count of room nights a customer has accumulated over the past two years.
Transaction,Room Nights,TRAN_RES_BRND_LONGERSTAY_ROOMNIGHTS_PCT_2YR,"Capture a customer's percent of total room night counts in the last 2 Years at properties categorized as ""longer stay"""
Transaction,Room Nights,TRAN_RES_BRND_MIDSCALE_ROOMNIGHTS_PCT_2YR,"Captures a customer's percent of room night counts in the last 2 Years at properties categorized as ""midscale stay"""
Transaction,Stays,TRAN_RES_BRND_LONGERSTAY_STAYS_PCT_2YR,"Captures a customer's percent of total stay counts in the last 2 Years at properties categorized as ""longer stay"""
Transaction,Stays,TRAN_RES_BRND_MIDSCALE_STAYS_PCT_2YR,"Captures a customer's percent of stay counts in the last 2 Years at properties categorized as ""midscale stay"""
Transaction,Room Nights,TRAN_RES_INTERNATIONAL_ROOMNIGHTS_PCT_2YR,Provides the percentage of a customer's room nights spent at international locations over a two-year period.
Transaction,Stays,TRAN_RES_INTERNATIONAL_STAYS_PCT_2YR,Provides the percentage of a customer's stays at international locations over the past two years.
Transaction,Stays,TRAN_HVMB_STAY_IND_24M,Captures whether the customer has stayed at an HVMB property in the last 2 years
Transaction,Stays,TRAN_RES_BRND_TIER_LUXURY_STAYS_CNT,"Capture a customer's lifetime stay counts at properties categorized as ""luxury"""
Transaction,Stays,TRAN_RES_BRND_TIER_PREMIUM_STAYS_CNT,"Captures the total number of lifetime stays a customer has at properties categorized as ""premium"" within a specified brand tier."
Transaction,Stays,TRAN_RES_BRND_TIER_SELECT_STAYS_CNT,"Provides the count of a customer's lifetime stays at properties categorized under the ""select"" brand tier."
Transaction,Stays,TRAN_RES_BRAND_GAYLORD_HOTELS_STAYS_CNT_2YR,Captures the customer's stay counts (integer value 0-9999) at the Gaylord brand in the last 2 years.
Transaction,Stays,TRAN_RES_BUSINESS_STAYS_PCT_2YR,Provides the percentage of a customer's stays that were for business purposes over the past two years.
Transaction,Reservation,TRAN_RES_RATE_PGM_CD_2YR,"Provides codes representing transaction response rates over the past two years, associated with unique customer-level IDs and timestamps."
Transaction,Stays,TRAN_RES_BRAND_MOXY_HOTELS_STAYS_CNT_2YR,Captures the customer's stay counts (integer value 0-9999) at the Moxy brand in the last 2 years
Transaction,Reservation,TRAN_RES_DIRECT_CHANNEL_BOOKING_PCT,"Percentage customer has made booking after the Enrollment as a Bonvoy member, through Direct Channel in past 2 years."
Transaction,Reservation,TRAN_RES_OTA_CHANNEL_BOOKING_PCT,"Percentage customer has made booking after the Enrollment as a Bonvoy member, through OTA Channel in past 2 years."
Transaction,Stays,TRAN_HVMB_TOTAL_STAY_CNT_24M,Captures the customer's stay counts (integer value 0-9999) at Homes & Villas by Marriott Bonvoy properties in the last 2 years
Transaction,ADR,TRAN_RES_AVG_ADR_ROOM_REV_AMT_2YR,Serves as the average daily room revenue amount recorded over the past two years.
Transaction,Room Nights,TRAN_RES_BUSINESS_ROOMNIGHTS_CNT_2YR,Customer's business related room nights counts in last 2 years
Transaction,Folio,TRAN_FOLIO_SPEND_FOOD_BEV_AMT_2YR,"to capture the total folio spend amount (USD) on Food and Beverages in the last 2 years., along with their unique customer-level IDs and timestamps for record creation and updates"
Transaction,Folio,TRAN_FOLIO_SPEND_GOLF_AMT_2YR,"to capture the total folio spend amount (USD) on Golf in the last 2 years., along with their unique customer-level IDs and timestamps for record creation and updates"
Transaction,Folio,TRAN_FOLIO_SPEND_SPA_AMT_2YR,"to capture the total folio spend amount (USD) on Spa in the last 2 years., along with their unique customer-level IDs and timestamps for record creation and updates"
Transaction,Stays,TRAN_RES_BRAND_FOUR_POINT_FLEX_STAYS_CNT_2YR,Captures the customer's stay counts (integer value 0-9999) at the FOUR POINTS FLEX BY SHERATON brand in the last 2 years
Transaction,Stays,TRAN_RES_BRAND_DESIGN_HOTELS_STAYS_CNT_2YR,Captures the customer's stay counts (integer value 0-9999) at the Design Hotels brand in the last 2 years
Transaction,Stays,TRAN_RES_BRAND_AUTOGRAPH_COLLECTION_STAYS_CNT_2YR,Captures the customer's stay counts (integer value 0-9999) at the Autograph Collection brand in the last 2 years
Transaction,Folio,TRAN_RES_BRAND_TRIBUTE_PORTFOLIO_HOTELS_STAYS_CNT_2YR,Captures the customer's stay counts (integer value 0-9999) at the TRIBUTE PORTFOLIO brand in the last 2 years
Transaction,Stays,TRAN_RES_BRAND_RESIDENCE_INN_STAYS_CNT_2YR,Captures the customer's stay counts (integer value 0-9999) at the Residence INN brand in the last 2 years
Transaction,Stays,TRAN_RES_BRAND_TOWNPLACE_SUITES_STAYS_CNT_2YR,Captures the customer's stay counts (integer value 0-9999) at the Townplace Suites brand in the last 2 years
Transaction,Stays,TRAN_RES_BRAND_ELEMENT_HOTELS_STAYS_CNT_2YR,Captures the customer's stay counts (integer value 0-9999) at the Element Hotels brand in the last 2 years
Transaction,Stays,TRAN_RES_BRAND_CITY_EXPRESS_STAYS_CNT_2YR,Captures the customer's stay counts (integer value 0-9999) at the CITY EXPRESS BY MARRIOTT brand in the last 2 years
Transaction,Stays,TRAN_RES_BRAND_ALOFT_STAYS_CNT_2YR,Captures the customer's stay counts (integer value 0-9999) at the ALOFT brand in the last 2 years
Transaction,Stays,TRAN_RES_BRAND_PROTEA_HOTELS_STAYS_CNT_2YR,Captures the customer's stay counts (integer value 0-9999) at the Protea Hotels brand in the last 2 years
Transaction,Stays,TRAN_RES_BRAND_AC_HOTELS_STAYS_CNT_2YR,Captures the customer's stay counts (integer value 0-9999) at the AC Hotels by Marriott brand in the last 2 years
Transaction,Stays,TRAN_RES_BRAND_FAIRFIELD_INN_STAYS_CNT_2YR,Captures the customer's stay counts (integer value 0-9999) at the Fairfield Inn brand in the last 2 years
Transaction,Stays,TRAN_RES_BRAND_SPRINGHILL_SUITES_STAYS_CNT_2YR,Captures the customer's stay counts (integer value 0-9999) at the Springhill suites brand in the last 2 years
Transaction,Stays,TRAN_RES_BRAND_FOUR_POINTS_STAYS_CNT_2YR,Captures the customer's stay counts (integer value 0-9999) at the Four Points Hotels in the last 2 years
Transaction,Stays,TRAN_RES_BRAND_COURTYARD_STAYS_CNT_2YR,Captures the customer's stay counts (integer value 0-9999) at the COURTYARD brand in the last 2 years
Transaction,Stays,TRAN_RES_BRAND_RENAISSANCE_STAYS_CNT_2YR,Captures the customer's stay counts (integer value 0-9999) at the RENAISSANCE brand in the last 2 years
Transaction,Stays,TRAN_RES_BRAND_WESTIN_STAYS_CNT_2YR,Captures the customer's stay counts (integer value 0-9999) at the WESTIN brand in the last 2 years
Transaction,Reservation,TRAN_RES_LUX_JW_MARRIOTT_BRND_LOYALIST_FLG,"Captures ""Y"" if the customer is a JW Marriott brand loyalist in the last 5 years"
Transaction,Stays,TRAN_RES_LUX_THE_LUXURY_COLLECTION_BRND_LOYALIST_FLG,"Captures ""Y"" if the customer is a The Luxury Collection brand loyalist in the last 5 years"
Transaction,Reservation,TRAN_RES_LUX_THE_RITZ_CARLTON_BRND_LOYALIST_FLG,"Captures ""Y"" if the customer is a Ritz Carlton brand loyalist in the last 5 years"
Transaction,Stays,TRAN_RES_LUX_PAID_TRANSIENT_LEISURE_STAY_CNT_5YR,Captures customer stay count having Luxury Paid Transient and Leisure stay in the last 5 years
Transaction,Room Nights,TRAN_HVMB_AVERAGE_ROOMNIGHT_REVENUE_AMT_3YR,Captures Customer's Average spend in USD per room night on HVMB stay over a 3-year lookback window
Transaction,Stays,TRAN_RES_LUX_PAID_TRANSIENT_BUSINESS_STAY_CNT_5YR,Captures customer stay count having Luxury Paid Transient and Business stay in the last 5 years
Transaction,Stays,TRAN_RES_BRAND_LE_MERIDIEN_STAYS_CNT_2YR,Captures the customer's stay counts (integer value 0-9999) at the LE MERIDIEN brand in the last 2 years
Transaction,Stays,TRAN_RES_BRAND_DELTA_STAYS_CNT_2YR,Captures the customer's stay counts (integer value 0-9999) at the DELTA brand in the last 2 years
Transaction,Stays,TRAN_RES_BRAND_EDITION_STAYS_CNT_2YR,Captures the customer's stay counts (integer value 0-9999) at the EDITION brand in the last 2 years
Transaction,Stays,TRAN_RES_BRAND_SHERATON_STAYS_CNT_2YR,Captures the customer's stay counts (integer value 0-9999) at the SHERATON brand in the last 2 years
Transaction,Reservation,TRAN_RES_LUX_BULGARI_BRND_LOYALIST_FLG,Captures if the customer is a Bulgari brand loyalist in the last 5 years
Transaction,Reservation,TRAN_RES_LUX_EDITION_BRND_LOYALIST_FLG,Captures if the customer is a EDITION brand loyalist in the last 5 years
Transaction,Reservation,TRAN_RES_LUX_ST_REGIS_BRND_LOYALIST_FLG,Capture if the customer is a St.Regis brand loyalist in the last 5 years
Transaction,Reservation,TRAN_RES_LUX_W_HOTELS_BRND_LOYALIST_FLG,Capture if the customer is a W Hotels brand loyalist in the last 5 years
Transaction,Stays,TRAN_RES_BRAND_W_HOTELS_STAYS_CNT_2YR,Captures the customer's stay counts (integer value 0-9999) at the W Hotels brand in the last 2 years
Transaction,Stays,TRAN_RES_BRAND_JW_MARRIOTT_STAYS_CNT_2YR,Captures the customer's stay counts (integer value 0-9999) at the JW Marriott Hotels brand in the last 2 years
Transaction,Stays,TRAN_RES_BRAND_THE_LUXURY_COLLECTION_STAYS_CNT_2YR,Captures the customer's stay counts (integer value 0-9999) at the Luxury Collection Hotels brand in the last 2 years
Transaction,Stays,TRAN_RES_BRAND_APARTMENT_BY_MARRIOTT_BONVOY_STAYS_CNT_2YR,Captures the customer's stay counts (integer value 0-9999) at the the Apartments by Marriott Bonvoy Property Hotels by Marriott brand in the last 2 years
Transaction,Stays,TRAN_RES_BRAND_EXECUTIVE_APARTMENTS_STAYS_CNT_2YR,Captures the customer's stay counts (integer value 0-9999) at the Marriott Executive Apartment brand in the last 2 years
Transaction,Stays,TRAN_RES_BRAND_ST_REGIS_STAYS_CNT_2YR,Captures the customer's stay counts (integer value 0-9999) at the St. Regis Hotels brand in the last 2 years
Transaction,Stays,TRAN_RES_BRAND_MARRIOTT_HOTELS_STAYS_CNT_2YR,Captures the customer's stay counts (integer value 0-9999) at the Marriott Hotels brand in the last 2 years
Transaction,Stays,TRAN_RES_ALL_INCLUSIVE_PROPERTY_STAYS_CNT_2YR,capture integer value 0-9999 counting the number of distinct stays the customer has at All-Inclusive properties in the last 2 years.
Transaction,Stays,TRAN_RES_BRAND_RITZ_CARLTON_RESERVE_STAYS_CNT_2YR,Captures the customer's stay counts (integer value 0-9999) at the Ritz Carlton Reserve Hotels brand in the last 2 years
Transaction,Stays,TRAN_RES_BRAND_RITZ_CARLTON_STAYS_CNT_2YR,Captures the customer's stay counts (integer value 0-9999) at the Ritz-Carlton brand in the last 2 years
Transaction,Stays,TRAN_RES_BRAND_SONDER_BY_MARRIOTT_BONVOY_STAYS_CNT_2YR,Captures Integer value 0-9999 counting the number of distinct stays the customer has at the Sonder by Marriott Bonvoy brand in the last 2 years
Transaction,Stays,TRAN_RES_BLEISURE_STAYS_CNT_2YR,"Captures Integer value 0-9999 counting the number of distinct stays the customer has had classified as ""bleisure"" (both business and leisure room nights within the same stay) in the last 2 years"
Transaction,Stays,TRAN_RES_OUTDOOR_COLLECTION_BY_MARRIOTT_BONVOY_STAYS_CNT_2YR,"Captures Integer value 0-9999 counting the number of distinct stays the customer has at Outdoor Collection by Marriott Bonvoy (inclusive of Postcard Cabins, Trailborn, and more) properties in the last 2 years"
Transaction,Reservation,TRAN_RES_AVG_BUSINESS_BOOKING_WINDOW_2YR,Captures Average number of days between booking creation date and check-in date across all business stays in the last 2 years. Round to the nearest whole number (integer)
Transaction,Reservation,TRAN_RES_AVG_LEISURE_BOOKING_WINDOW_2YR,Captures average number of days between booking creation date and check-in date across all leisure stays in the last 2 years. Round to the nearest whole number (integer)
Transaction,Stays,TRAN_RES_AVG_BUSINESS_LENGTH_OF_STAY_2YR,"Captures average elapsed nights between check-in date and check-out date across all business stays in the last 2 years, Null value expected for any customers who have not had any businessstays in the last 2 years."
Transaction,Stays,TRAN_RES_AVG_LEISURE_LENGTH_OF_STAY_2YR,"Captures average elapsed nights between check-in date and check-out date across all leisure stays in the last 2 years, Null value expected for any customers who have not had any leisurestays in the last 2 years."
Transaction,Stays,TRAN_RES_MAX_LENGTH_OF_STAY_NON_LUX_PROP_2YR,Captures Maximum duration of customer's stays over the last 2 years. Exclude group and contract bookings. Exclude luxury brand tier. Round to the nearest whole night (integer values). Null values expected for customers with no stays at non- luxury properties in the last 2 years
Transaction,Stays,TRAN_RES_BRAND_STUDIORES_STAYS_CNT_2YR,Captures Integer value 0-9999 counting the number of distinct stays the customer has at the StudioRes brand in the last 2 years.
Transaction,Stays,TRAN_RES_OTA_STAYS_CNT_1YR,Captures Number of completed stays (integer 0-9999) in the last 12 months that the customer booked via an OTA (“eChannel”).
Transaction,Room Nights,TRAN_RES_BUSINESS_ROOMNIGHTS_PCT_2YR,Provides the percentage of business related room nights booked by customers over the last two years.
Transaction,Boutique,PRFL_LUXURY_BRAND_BOUTIQUE_PURCHASER_FLG_2YR,Capture the Customers who purchased at least one product from the LuxuryBoutiques stores in last 2Yrs
Transaction,Boutique,PRFL_PREMIUM_SELECT_BRAND_BOUTIQUE_PURCHASER_FLG_2YR,Capture the Customers who purchased at least one product from the Premium/SelectBoutiques stores in last 2Yrs
Transaction,Boutique,PRFL_WESTIN_BRAND_BOUTIQUE_PURCHASER_FLG_2YR,Capture the Customers who purchased at least one product from the Westin store in last 2Yrs
Transaction,Reservation,ANLY_RES_MOST_RECENT_BOOKING_CHANNEL_2YR,"the most recent channel stay in the last 2 Yr Period , along with their unique customer-level IDs and timestamps for record creation and updates"
Transaction,Stays,ANLY_RES_MOST_RECENT_BUSINESS_STAY_DT_5YR,capture the most recent business stay date in the last 5 Yr Period
Privacy,Consent,CONSENT_TO_DELIVER_PERSONALIZED_SERVICES_FLG,"Indicates whether a customer has provided permission to receive personalized services, such as tailored offers or recommendations, based on their preferences and consent status within their customer profile."
Privacy,Consent,RECEIVE_EMAIL_SURVEY_FLG,"Indicates whether a customer has provided consent to receive email surveys, reflecting their preference for participating in feedback requests sent via email."
Privacy,Consent,RECEIVE_SMS_MARKETING_FLG,"Indicates whether a customer has provided consent to receive promotional text messages, reflecting their preference for receiving marketing communications via SMS. Values typically represent consent status, such as “Y” or “N.”"
Privacy,Consent,RECEIVE_POSTAL_GENERAL_FLG,"Indicates whether a customer has provided consent to receive general postal communications, such as mailers or printed offers, from Marriott. Reflects the customer’s stated preference regarding physical mail outreach."
Privacy,Consent,RECEIVE_SMS_TRANSACTIONAL_FLG,"Indicates whether a customer has provided consent to receive transactional SMS messages, reflecting their communication preferences regarding booking confirmations, reservation updates, or other service-related notifications via text message."
Privacy,Consent,UNIVERSAL_OPT_OUT_FLG,"Indicates whether a customer has provided consent to receive marketing communications via mobile push notifications, reflecting their preference for promotional messages sent directly to their mobile device during their engagement with Marriott."
Privacy,Consent,OPT_OUT_OF_TARGETED_ADVESRTISING_FLG,"Indicates whether a customer has chosen not to receive personalized advertising based on their preferences, reflecting their decision regarding participation in targeted marketing communications."
Privacy,Consent,DO_NOT_SELL_FLG,"Indicates whether a customer has expressed a preference to restrict the sale of their personal information, reflecting their consent status regarding data sharing for commercial purposes within Marriott’s global operations."
Privacy,Consent,INTERNATIONAL_OBJECTION_FLG,"Indicates whether a customer has expressed an objection to international data sharing or processing, reflecting their preferences regarding the handling of personal information across global locations."
Privacy,Consent,LATEST_CONSENT_UPDATE_DT,"Indicates the most recent date on which a customers consent preferences were updated, reflecting the latest changes made to their permissions or agreements regarding the use of their personal information."
Profile,Demographics,BIRTHDAY_YEAR_EDITED,"A date storing customer birth MONTH and DAY, combined with 1896 as the YEAR to form the full birth date."
